0.,-4.341833363870568e-18,-1.5211514857370873e-17,-4.854744710227258e-18,-2.0093396727027492e-17,-1.9867311384475374e-17,-1.2434497875801718e-18,-1.385558334732196e-17,4.1742381733863095e-18,-6.044455231150575e-18,-1.373453391757896e-17,-6.217248937900859e-19,-6.927791673660968e-18,2.8046269473299795e-18,1.9564155087332943e-17,3.32501434874915e-17,-7.162760022001495e-18,-1.2251591079127095e-17,7.64455042117875e-19,8.091393850156051e-18,1.8601564114399472e-17,9.810210381113119e-19,1.6199583371511367e-17,-1.1023604589401454e-17,-3.9093223807112454e-17,-8.261228689955452e-17,3.0110731755995114e-17,1.000118567145559e-16,-6.880927146389431e-18,-2.1234276663186695e-18,-2.281874100162176e-18,1.1329683965238073e-17,4.607885650112907e-17,6.11069692679386e-18,6.0539123064470465e-18,2.60060111251045e-17,-1.2540941984862362e-18,-2.3945015592508587e-18,-1.7971861712747544e-18,-6.286842360881994e-18,-1.8791420609863188e-17,-7.316745586449733e-18,-8.806182802458225e-18,2.205461774708559e-19,-9.740707119115309e-18,-1.5381860582280027e-17,1.976806410613833e-18,-1.3326786512457875e-17,-8.929996488343088e-19,-2.4336341532470815e-17,-6.301371967080387e-17
0.06280597469551266,0.062308346204568134,0.06083515428074403,0.058388432175824345,0.055039810135527834,0.050811131656643437,0.045776983746003114,0.04004442165724297,0.03363872234442515,0.026747393136239726,0.0194076595215214,0.011760225069037058,0.003958287619849874,-0.003959526244117516,-0.011761447575008238,-0.01940884663879254,-0.026748513164729978,-0.0336397577466151,-0.040045376782573604,-0.04577786608939479,-0.050811927874549405,-0.05504035511102259,-0.05838871535109412,-0.0608354397808316,-0.06230890830335041,-0.06280681636695466,-0.062308908305767775,-0.06083543978561189,-0.058388715358181714,-0.05504035512030469,-0.05081192788589558,-0.045777866102610656,-0.04004537679745865,-0.033639757762967806,-0.026748513182306498,-0.019408846657336033,-0.0117614475942356,-0.003959526263734933,0.003958287600144379,0.011760225049567202,0.019407659502610097,0.026747393118189154,0.03363872232752389,0.04004442164178462,0.04577698373224156,0.05081113164481443,0.05503981012581951,0.05838843216839115,0.06083515427573094,0.06230834620203858,0.06280597469551259
0.12530236448513155,0.12431192844621727,0.12137036554154383,0.11648837881035207,0.10980922874407935,0.10136996580063086,0.09132918811484735,0.07989158207282422,0.0671113576300993,0.053363529444052774,0.03871889244494046,0.02346259368206671,0.007897288925787305,-0.007899763652676767,-0.023465026157611747,-0.038721244128333894,-0.05336577621183591,-0.06711346440723331,-0.0798934925788812,-0.09133085236035808,-0.10137135709850185,-0.10981047936659405,-0.11648946764188298,-0.12137099533225687,-0.12431182224394655,-0.12530152823780707,-0.12431182224877106,-0.12137099534179699,-0.11648946765602572,-0.10981047938511262,-0.1013713571211353,-0.09133085238672714,-0.07989349260858479,-0.06711346443986635,-0.05336577624690865,-0.038721244165332645,-0.023465026195973522,-0.007899763691813973,0.007897288886475427,0.023462593643224377,0.038718892407213476,0.05336352940804417,0.06711135759638621,0.07989158204198978,0.0913291880873953,0.10136996577703274,0.10980922872471192,0.11648837879552426,0.12137036553154433,0.12431192844117152,0.1253023644851315
0.18741153676209654,0.18592840846743788,0.18153060067885018,0.17422918594743161,0.16423817312315453,0.1516178259382452,0.13659808422089073,0.11949169860665988,0.1003769420450594,0.07981402799579308,0.05791142132925586,0.0350923169022814,0.011811605673476281,-0.011815304397768003,-0.035095959928234347,-0.057914951082908506,-0.07981737934560883,-0.10038006259439569,-0.1194945524158059,-0.13660064474785055,-0.1516200533166635,-0.16423992233826581,-0.17423042545577785,-0.18153149793798737,-0.18592916125647382,-0.18741215396630928,-0.18592916126368536,-0.18153149795225987,-0.17423042547694004,-0.16423992236596496,-0.15162005335050657,-0.13660064478729464,-0.1194945524602473,-0.10038006264321765,-0.07981737939807389,-0.05791495113825197,-0.03509595998561704,-0.011815304456306651,0.011811605614685158,0.03509231684419457,0.0579114212728281,0.07981402794193947,0.10037694199464671,0.11949169856055414,0.13659808417983696,0.1516178259029488,0.1642381730941925,0.1742291859252606,0.18153060066389543,0.1859284084598884,0.1874115367620962
0.2486748314234442,0.2467062685490174,0.2408714843572014,0.2311834528787102,0.21792604943486715,0.20118092510206687,0.18125065410909397,0.1585525223160915,0.13318941221212982,0.10590442753286966,0.07684238703446125,0.04656367850914006,0.01567266456184097,-0.015677571442412913,-0.046568514093254784,-0.07684707495225208,-0.1059088712497314,-0.13319354222573176,-0.15855630772906604,-0.18125407648982134,-0.2011839315692142,-0.2179283282282392,-0.23118496215700204,-0.24087265936265612,-0.2467075847443635,-0.2486763005946913,-0.24670758475392393,-0.2408726593815977,-0.23118496218509682,-0.21792832826499856,-0.20118393161411058,-0.18125407654217163,-0.15855630778806168,-0.13319354229053845,-0.10590887131936397,-0.07684707502570073,-0.04656851416940903,-0.015677571520091804,0.01567266448384387,0.046563678432082575,0.07684238695959325,0.10590442746142113,0.13318941214525803,0.1585525222549373,0.1812506540546332,0.20118092505523655,0.21792604939644958,0.23118345284930397,0.24087148433736033,0.24670626853899583,0.24867483142344407
0.3090169943749469,0.30657734104206125,0.29931992456832623,0.28727936665755494,0.27080940910242135,0.24999334413000562,0.2252344206800859,0.19702641952698335,0.16550771081754834,0.13160428856339823,0.09548644728822248,0.05786289536593653,0.019476339401525447,-0.019482446935528527,-0.05786888620770887,-0.09549222627199225,-0.1316098446144735,-0.16551295732791024,-0.19703113730368446,-0.22523840606395923,-0.24999653122474086,-0.2708126955323631,-0.28728270028355135,-0.29932155224409557,-0.30657555974074013,-0.30901181878327655,-0.30657555975261574,-0.29932155226763874,-0.2872827003184787,-0.270812695578051,-0.2499965312805271,-0.22523840612903223,-0.19703113737703068,-0.1655129574084787,-0.1316098447010319,-0.09549222636328578,-0.05786888630236048,-0.019482447032059647,0.019476339304616223,0.05786289527020021,0.09548644719520402,0.13160428847463002,0.16550771073447812,0.19702641945102037,0.22523442061243026,0.24999334407182594,0.27080940905469747,0.2872793666210272,0.2993199245436758,0.30657734102960615,0.3090169943749471
0.3681388944163161,0.36522378590387744,0.3565868241542384,0.3422448506728381,0.3226179896049254,0.2978294408268109,0.26832365148500614,0.23472153863282502,0.19717406438309906,0.15678099260509423,0.11375794914240114,0.06893295587912034,0.02320177503027502,-0.023209037914229458,-0.06894011680777891,-0.11376489509140741,-0.1567875667427269,-0.1971801638486878,-0.23472714080213386,-0.268328752182603,-0.2978339617904305,-0.32262130500330094,-0.3422468985825039,-0.35658854221312775,-0.365226171274642,-0.36814196454178205,-0.3652261712887981,-0.3565885422411843,-0.34224689862412055,-0.3226213050577415,-0.2978339618569128,-0.2683287522601509,-0.23472714088955207,-0.1971801639447227,-0.15678756684589384,-0.1137648952002025,-0.06894011692055793,-0.023209038029231105,0.023201774914839067,0.06893295576509186,0.11375794903161257,0.1567809924993779,0.1971740642841713,0.23472153854236583,0.26832365140444325,0.297829440757524,0.3226179895480913,0.3422448506293371,0.3565868241248793,0.3652237858890425,0.3681388944163161
0.4257507972636461,0.4223837476714263,0.412390754745655,0.395803249427874,0.37310773821590515,0.3444349590008146,0.31031652318996356,0.2714545180615421,0.22803033002800782,0.1813174928162754,0.1315591312561921,0.07972082212324977,0.02683314186130343,-0.026841547795898826,-0.07972909199264544,-0.13156713417744714,-0.18132511777234195,-0.228037457905564,-0.27146100586914834,-0.3103222493000069,-0.3444398327850753,-0.3731118662564243,-0.3958065600168727,-0.41239284993791275,-0.4223842984517389,-0.4257498238309245,-0.422384298468118,-0.4123928499703679,-0.39580656006501264,-0.3731118663194064,-0.344439832861997,-0.31032224938973085,-0.2714610059702982,-0.22803745801669117,-0.18132511789171613,-0.1315671343033155,-0.07972909212310328,-0.026841547928902382,0.026833141727819306,0.07972082199140725,0.1315591311281112,0.18131749269406153,0.22803032991364558,0.271454517956975,0.31031652309684077,0.344434958920727,0.3731077381502073,0.39580324937758554,0.41239075471171266,0.42238374765427433,0.4257507972636461
0.48178029101809283,0.47796877732090454,0.46666208690670724,0.4478919840585017,0.4222087982903772,0.3897642084906953,0.35115418433816414,0.30717829927877405,0.25803964726543993,0.20517883227827274,0.14887296169106154,0.0902121470055993,0.03036429801306979,-0.030373808131679933,-0.09022150892829806,-0.1488820273648482,-0.20518745369217622,-0.25804768968010117,-0.3071856380523873,-0.3511607189953867,-0.3897698365141194,-0.4222133761177832,-0.44789543057502723,-0.46666442338571945,-0.47797010300846965,-0.48178062876294653,-0.4779701030270131,-0.4666644234224551,-0.4478954306295134,-0.42221337618908067,-0.3897698366012134,-0.3511607190969744,-0.3071856381669106,-0.25804768980592685,-0.20518745382733805,-0.14888202750734594,-0.09022150907595726,-0.030373808282193205,0.03036429786203581,0.09021214685644471,0.14887296154618246,0.20517883214003765,0.25803964713608674,0.3071782991605038,0.35115418423284667,0.3897642084001266,0.42220879821607266,0.4478919840016186,0.46666208686831323,0.4779687773015046,0.4817802910180929
0.5358136124232435,0.5315715548333639,0.5189999438559111,0.4981254908155771,0.4695597889064107,0.4334799912017359,0.3905362150922815,0.3416292407045868,0.2869800391160012,0.2281895849553792,0.1655705653549895,0.10032960480651695,0.033769467138290495,-0.03378003920408187,-0.10034002514006683,-0.1655806694217617,-0.22819915743557814,-0.28698893027084527,-0.3416373961132572,-0.3905436071906722,-0.43348650606001615,-0.4695646684045102,-0.49812864480878066,-0.5190024643491947,-0.5315746204844654,-0.5358172486244628,-0.5315746205051021,-0.5190024643900661,-0.49812864486939545,-0.4695646684838401,-0.4334865061569414,-0.390543607303727,-0.34163739624070283,-0.2869889304108718,-0.228199157585993,-0.16558066958031845,-0.10034002530432333,-0.03378003937148492,0.033769466970333506,0.10032960464067893,0.1655705651939307,0.22818958480172002,0.28698003897221797,0.34162924057312605,0.39053621497522756,0.43347999110108215,0.4695597888238216,0.4981254907523454,0.5189999438132347,0.5315715548118038,0.5358136124232439
0.5877852522924721,0.5831447558929592,0.5693403294353087,0.5464378273135458,0.515110106401678,0.4755155979303508,0.42842132696333457,0.37476652034669644,0.3148143737400615,0.25032623242102775,0.1816260158225027,0.11006176737884463,0.03704619900274606,-0.03705781622279775,-0.11007316263707223,-0.1816370081028345,-0.2503368006581397,-0.31482435319574925,-0.3747754940912337,-0.4284289076139566,-0.4755216601448042,-0.5151163575629327,-0.5464441682470345,-0.5693434254586178,-0.583141367656498,-0.5877754077321055,-0.5831413676791524,-0.5693434255034737,-0.5464441683135554,-0.5151163576500055,-0.47552166025120335,-0.4284289077380675,-0.37477549423113643,-0.3148243533494639,-0.250336800823253,-0.181637008276854,-0.1100731628173082,-0.037057816406451144,0.037046198818515175,0.11006176719696968,0.18162601564590808,0.2503262322525559,0.314814373582427,0.37476652020257706,0.42842132683501477,0.47551559782002156,0.5151101063111369,0.5464378272442213,0.5693403293885244,0.5831447558693265,0.5877852522924732
0.6374358141771492,0.6323885767751309,0.6174332911929559,0.5925999586258097,0.5586160724399422,0.5156941292289171,0.4646049306956327,0.4064224760056919,0.3414086352072533,0.27146777616013523,0.1969728181027845,0.11935804868348555,0.04017411104441859,-0.0401866872463889,-0.11937044707325178,-0.19698484296563648,-0.2714791608844794,-0.3414192016780136,-0.4064321768395994,-0.46461375045562303,-0.5157019323948522,-0.5586218337269383,-0.592603570806241,-0.617436273635096,-0.6323925519211755,-0.6374408122313692,-0.6323925519457464,-0.6174362736837652,-0.592603570878429,-0.5586218338214278,-0.5157019325103218,-0.46461375059032356,-0.4064321769914443,-0.3414192018448335,-0.27147916106364606,-0.19698484315445083,-0.1193704472687747,-0.04018668744557795,0.04017411084465015,0.11935804848630921,0.19697281791135457,0.2714677759775409,0.34140863503642,0.40642247584951335,0.46460493055658025,0.5156941291093514,0.5586160723418322,0.5925999585506901,0.6174332911422542,0.6323885767495175,0.6374358141771488
0.6845237756257634,0.6791097027538884,0.6630434635798377,0.6363741402678859,0.5998838626765225,0.5537842585943032,0.49892791487265553,0.43644559448731624,0.36662810494179787,0.29152283667813866,0.21152144567350561,0.12817542104725055,0.043142379913900596,-0.04315589422475613,-0.1281887187980647,-0.21153431645092913,-0.291535093438642,-0.36663955619343325,-0.436456024524645,-0.4989371423356838,-0.5537921377850091,-0.5998904640537083,-0.6363793485508694,-0.6630468190816532,-0.6791108566025882,-0.684522760294024,-0.6791108566289827,-0.6630468191339505,-0.6363793486284496,-0.5998904641552546,-0.5537921379091019,-0.4989371424804591,-0.43645602468784783,-0.3666395563727145,-0.2915350936311648,-0.21153431665378752,-0.12818871900810158,-0.04315589443868567,0.0431423796993987,0.12817542083557093,0.21152144546803187,0.291522836482175,0.3666281047584803,0.4364455943197367,0.49892791472345194,0.5537842584660064,0.5998838625712553,0.6363741401872892,0.6630434635254373,0.6791097027264046,0.684523775625763
0.7289890336285691,0.7232222320458523,0.7061134366420883,0.6777119941228368,0.63885068457908,0.589757754668919,0.5313368662570919,0.46479614778015016,0.3904436339432624,0.31045930289210827,0.2252617793034141,0.13650138361489025,0.045944721302599564,-0.04595911189884511,-0.13651554802410704,-0.2252754934860202,-0.3104723504460335,-0.39045581097565835,-0.46480725314792504,-0.5313467353867918,-0.589766232427215,-0.6388576429091625,-0.6777173102785211,-0.7061169836301646,-0.7232240008644363,-0.7289890588532446,-0.7232240008925596,-0.7061169836858985,-0.6777173103612105,-0.6388576430173982,-0.5897662325594797,-0.5313467355411111,-0.46480725332188677,-0.3904558111667399,-0.3104723506511941,-0.22527549370215988,-0.1365155482478626,-0.045959112126702666,0.04594472107418731,0.1365013833895288,0.22526177908469533,0.3104593026835507,0.390443633748192,0.4647961476018384,0.531336866098333,0.5897577545324025,0.6388506844670776,0.6777119940370901,0.7061134365842111,0.7232222320166093,0.7289890336285683
0.7705032238061005,0.7644029136537619,0.7463250727646519,0.7163075350668769,0.6752297446241645,0.6233470155296515,0.5615933703161521,0.49126490874173256,0.41267906028338885,0.3281379559118617,0.2380915431404032,0.14427457034783836,0.04856067898549002,-0.04857588136901851,-0.1442895554159552,-0.23810607429969993,-0.3281517201343542,-0.4126918422512996,-0.4912766358378678,-0.5616040085421007,-0.6233564010593491,-0.6752367471877367,-0.7163120250401872,-0.7463286920223551,-0.7644074286733573,-0.7705086711005805,-0.764407428703104,-0.7463286920813113,-0.716312025127669,-0.6752367473022504,-0.6233564011992805,-0.561604008705364,-0.4912766360219065,-0.4126918424534274,-0.3281517203513389,-0.23810607452826077,-0.14428955565253304,-0.04857588160988766,0.048560678744093116,0.14427457010971725,0.23809154290933687,0.32813795569157495,0.4126790600773783,0.4912649085534362,0.56159337014851,0.6233470153854954,0.6752297445059019,0.7163075349763449,0.7463250727035449,0.7644029136228836,0.7705032238060994
0.8090169943749493,0.8026298990285775,0.7836297360297103,0.7521071461756816,0.7089882375029641,0.65449107189305,0.5896713687762192,0.5158218630026636,0.43330481231985696,0.3445445005236009,0.24998676446502235,0.15148702675515568,0.05098971852948902,-0.05100570826111811,-0.15150271098253842,-0.2500018940409235,-0.3445590464540978,-0.43331854786224333,-0.5158342143023942,-0.5896818026466752,-0.6544994158154308,-0.708996841488323,-0.75211587372193,-0.7836339973402578,-0.8026252355211974,-0.8090034445000419,-0.8026252355524578,-0.7836339974022177,-0.7521158738138822,-0.7089968416086949,-0.6544994159625113,-0.5896818028182758,-0.515834214495814,-0.43331854807464915,-0.3445590466820818,-0.25000189428102376,-0.1515027112310311,-0.051005708514065794,0.050989718276048826,0.151487026505207,0.2499867642225311,0.3445445002924584,0.4333048121037304,0.5158218628051416,0.5896713686003717,0.6544910717418503,0.708988237378924,0.7521071460807334,0.7836297359656231,0.8026298989961888,0.8090169943749473
0.8443360751698529,0.8376507676412697,0.8178410857788695,0.784947253741586,0.739932921997259,0.683079083209565,0.6154074421965718,0.5383399497148909,0.4522237500831643,0.3595814023571399,0.2609066152367573,0.15809954406616802,0.053213925160013074,-0.053230583633687024,-0.15811596627623814,-0.26092254193609626,-0.35959648325208504,-0.45223774923934995,-0.5383527996281949,-0.6154191176793898,-0.6830894047495549,-0.7399405652179639,-0.784952076607412,-0.8178450406620724,-0.8376559434476251,-0.8443425119084543,-0.8376559434802932,-0.8178450407268143,-0.7849520767034832,-0.7399405653437336,-0.6830894049032458,-0.6154191178586743,-0.5383527998302478,-0.45223774946120976,-0.3595964834901873,-0.2609225421868166,-0.1581159665356566,-0.05323058389771125,0.05321392489552229,0.1580995438053817,0.2609066149838102,0.3595814021160796,0.4522237498577909,0.5383399495089418,0.615407442013247,0.6830790830519445,0.7399329218679581,0.7849472536426102,0.817841085712069,0.8376507676075188,0.8443360751698521
0.876290797472042,0.8693596684952021,0.8487928585032231,0.8146522963789109,0.7679391750214694,0.7089252965144901,0.6387007660121079,0.5587143352290773,0.4693377664953595,0.37319189412664744,0.2707785672315415,0.16408331670837054,0.0552285412298691,-0.055245841042033124,-0.16410034066407497,-0.270795045983766,-0.3732075829144988,-0.46935242019281304,-0.5587276865314262,-0.6387125915797505,-0.70893540984154,-0.7679476035465211,-0.8146588925328647,-0.8487971458547182,-0.8693613124655484,-0.8762898396290274,-0.8693613124995021,-0.8487971459219998,-0.8146588926326961,-0.7679476036772139,-0.7089354100012514,-0.6387125917660286,-0.5587276867413242,-0.4693524204232598,-0.3732075831617885,-0.2707950462441114,-0.16410034093339634,-0.05524584131608311,0.0552285409553846,0.16408331643778717,0.27077856696916197,0.37319189387663926,0.46933776626165524,0.558714335015545,0.6387007658220591,0.7089252963511095,0.7679391748874436,0.8146522962763184,0.8487928584339877,0.8693596684602274,0.8762907974720406
0.9048392504622216,0.8976816557124824,0.8764454834171864,0.8411928323050955,0.7929574147264629,0.7320217027359442,0.6595085936648186,0.5769165109113028,0.484628277349667,0.38534985384146125,0.27960040446626466,0.16942891373479974,0.05702775515532292,-0.057045617577332466,-0.169446494119447,-0.27961742471794865,-0.38536605034994414,-0.48464339702705717,-0.5769302958024941,-0.6595208312078299,-0.7320322003670472,-0.7929660724293821,-0.8411994977175823,-0.8764498937104246,-0.8976836945177968,-0.904838960697551,-0.8976836945529105,-0.8764498937800004,-0.8411994978208132,-0.7929660725645175,-0.7320322005321774,-0.6595208314004007,-0.5769302960194467,-0.48464339726521055,-0.3853660506054688,-0.2796174249869198,-0.16944649439763196,-0.05704561786034527,0.05702775487191636,0.16942891345547934,0.27960040419547433,0.38534985358348883,0.4846282771085567,0.57691651069104,0.6595085934688117,0.7320217025674666,0.7929574145882607,0.8411928321993082,0.8764454833457989,0.8976816556764247,0.9048392504622218
0.9297706112311838,0.9224091893773694,0.9005947035984853,0.8643724069775515,0.8148035083355605,0.7521964908631564,0.6776778536020581,0.59281214466705,0.49798217972588604,0.3959658974718875,0.28730646180173897,0.17409693572339477,0.05859843323143911,-0.05861677781744364,-0.17411501868318457,-0.28732399764244615,-0.39598250609868874,-0.49799760131881476,-0.5928262955208032,-0.6776906966119075,-0.7522078283432304,-0.8148119485048846,-0.8643777934210868,-0.9005990673424357,-0.9224147118038757,-0.9297773363997904,-0.9224147118400166,-0.9005990674140447,-0.8643777935273285,-0.8148119486439438,-0.7522078285131297,-0.677690696810016,-0.5928262957439623,-0.497997601563738,-0.3959825063614329,-0.28732399791897584,-0.17411501896912485,-0.05861677810828889,0.05859843294024757,0.17409693543645868,0.2873064615236185,0.3959658972069906,0.4979821794783492,0.5928121444409566,0.6776778534008967,0.7521964906902694,0.8148035081937531,0.8643724068690117,0.9005947035252427,0.9224091893403754,0.9297706112311845
0.9510565162951523,0.9435480353958385,0.921212004191942,0.8841549773313054,0.8334656601056608,0.769400399631076,0.6932002685309531,0.6063849677654006,0.5093803568573935,0.40503635233202406,0.29387706684134557,0.17808368048043113,0.0599420091403058,-0.0599608061971441,-0.17810211839550041,-0.293894852724511,-0.40505345209888444,-0.5093965039559072,-0.6063994875890796,-0.6932125342813336,-0.7694102085001436,-0.8334757746970841,-0.8841652371772558,-0.9212170136629352,-0.9435425531141226,-0.9510405874618774,-0.9435425531511588,-0.9212170137363144,-0.8841652372861144,-0.8334757748395426,-0.7694102086741562,-0.6932125344842236,-0.6063994878175881,-0.5093965042066567,-0.405053452367832,-0.2938948530075105,-0.178102118688081,-0.05996080649468039,0.05994200884247318,0.17808368018700169,0.2938770665569955,0.40503635206124544,0.5093803566044152,0.6063849675343826,0.6932002683254421,0.7694003994544839,0.8334656599608219,0.8841549772204569,0.9212120041171473,0.9435480353580599,0.9510565162951543
0.9685868382895767,0.9609178651145164,0.9381928966546824,0.9004584426118112,0.8488199817333907,0.7835994972335109,0.7059695854592216,0.6175609583107408,0.5187720534725745,0.4124966955403056,0.29930105502795634,0.1813651545312984,0.061044789517714984,-0.06106389961561083,-0.18138399304131805,-0.2993193245474702,-0.4125139963827758,-0.5187881149792494,-0.6175756994644224,-0.7059829737872948,-0.7836113268033353,-0.848828758716102,-0.9004640040672841,-0.9381974368473801,-0.9609237349371667,-0.9685940836397386,-0.9609237349749601,-0.9381974369222558,-0.9004640041783473,-0.848828758861416,-0.7836113269808014,-0.7059829739941705,-0.6175756996973939,-0.5187881152348508,-0.41251399665686367,-0.2993193248358286,-0.18138399333938382,-0.06106389991866913,0.06104478921442333,0.18136515423255017,0.29930105473848806,0.4124966952647212,0.5187720532151656,0.6175609580757286,0.7059695852501914,0.783599497053907,0.8488199815861174,0.9004584424991126,0.9381928965786343,0.9609178650761019,0.9685868382895776
0.9822803705847597,0.9745106526991464,0.9514564945485684,0.9131866097038356,0.860823250368187,0.7946717870385598,0.7159531360840987,0.6262922240466848,0.5261053773956529,0.4183303287970786,0.30352999600365244,0.18392959409432616,0.061908548130360466,-0.06192794001768768,-0.18394867783151414,-0.3035484696755762,-0.4183479138844055,-0.5261217991329213,-0.626307189695574,-0.7159664021874343,-0.7946831445390745,-0.8608326809983425,-0.913193948051211,-0.9514612940738579,-0.9745126258678356,-0.9822795639908173,-0.9745126259062401,-0.95146129414994,-0.9131939481640521,-0.8608326811459522,-0.7946831447192999,-0.7159664023974923,-0.6263071899320939,-0.5261217993923679,-0.418347914162556,-0.30354846996814466,-0.18394867813389063,-0.06192794032506737,0.061908547822812375,0.18392959379144053,0.30352999571022543,0.4183303285177796,0.526105377134837,0.626292223808617,0.7159531358723853,0.7946717868566773,0.8608232502190739,0.9131866095897457,0.9514564944715815,0.9745106526602543,0.9822803705847606
0.992117497074868,0.9842697444020349,0.9609849397205024,0.9223318551260135,0.8694439482609821,0.8026302662438082,0.7231230248578061,0.6325642663405311,0.5313741283651509,0.42251967620639125,0.306569793949325,0.18577156129763903,0.06252851499767999,-0.06254810074714745,-0.18579083676717317,-0.306588454209246,-0.42253743624232254,-0.5313907106681637,-0.6325793813939582,-0.7231364329181845,-0.8026417561664765,-0.8694534578604506,-0.9223392173382527,-0.9609897816086254,-0.9842718536215772,-0.9921169206850341,-0.9842718536604489,-0.9609897816856247,-0.9223392174524353,-0.8694534580097862,-0.8026417563487718,-0.723136433130616,-0.6325793816331065,-0.5313907109304412,-0.4225374365234525,-0.3065884545048864,-0.18579083707266741,-0.06254810105763953,0.06252851468707897,0.1857715609918061,0.30656979365309983,0.4225196759244855,0.5313741281019583,0.6325642661003479,0.7231230246442543,0.8026302660603799,0.8694439481106284,0.9223318550109887,0.9609849396428922,0.9842697443628289,0.9921174970748677
0.9980255731361911,0.9901236268419273,0.9667078500316869,0.9278264852563637,0.8746186275809718,0.8074157328096276,0.7274265069179229,0.6363307975070668,0.5345393337707957,0.42503393813064205,0.30839782220004464,0.18687748002562024,0.06290016455337416,-0.0629198556459826,-0.18689689079099228,-0.30841664619188114,-0.4250517653936247,-0.5345558854157687,-0.6363459869342888,-0.7274402975484067,-0.8074279124485506,-0.8746276791734657,-0.9278322409074782,-0.9667125311081843,-0.9901296161017281,-0.9980329178725591,-0.9901296161409184,-0.9667125311857997,-0.927832241022551,-0.8746276793239415,-0.8074279126322121,-0.7274402977623792,-0.6363459871751175,-0.5345558856798379,-0.4250517656766253,-0.3084166464894314,-0.18689689109838728,-0.06291985595835341,0.06290016424094731,0.18687747971805227,0.3083978219021978,0.4250339378472502,0.5345393335062664,0.6363307972657163,0.7274265067033826,0.8074157326253885,0.8746186274299772,0.9278264851408629,0.9667078499537655,0.9901236268025705,0.9980255731361914
0.9999999999999983,0.9921051159727704,0.9686196229222885,0.9296555590355888,0.8763576568002848,0.8089954555252191,0.7288738961914175,0.6375908869505866,0.5355942030039712,0.425880423919911,0.3090006343532698,0.18724826277827328,0.06302675825590623,-0.06304652265108412,-0.18726764954945235,-0.3090193355375318,-0.42589840367879406,-0.535611181068093,-0.6376061539967136,-0.7288867931646218,-0.8090057691805165,-0.8763682919110896,-0.9296663468760283,-0.9686248901917786,-0.9920993515606195,-0.9999832514335298,-0.9920993515999753,-0.9686248902697036,-0.929666346991541,-0.8763682920621211,-0.8090057693648269,-0.7288867933793034,-0.6376061542382762,-0.5356111813329143,-0.4258984039625561,-0.3090193358358126,-0.18726764985754257,-0.06304652296410199,0.06302675794288681,0.18724826247018095,0.3090006340549896,0.4258804236361479,0.535594202739147,0.6375908867090209,0.7288738959767344,0.808995455340908,0.8763576566492484,0.9296555589200712,0.9686196228443678,0.9921051159334188,0.9999999999999994
0.9980255731361916,0.9901236268418436,0.9667078500315343,0.9278264852561516,0.874618627580714,0.8074157328093393,0.7274265069176398,0.6363307975068073,0.5345393337705685,0.42503393813044843,0.3083978221998967,0.186877480025535,0.06290016455334728,-0.0629198556459546,-0.18689689079090652,-0.3084166461917328,-0.42505176539343,-0.5345558854155401,-0.6363459869340301,-0.727440297548125,-0.8074279124482645,-0.874627679173207,-0.9278322409072653,-0.9667125311080297,-0.9901296161016424,-0.9980329178725568,-0.9901296161410017,-0.9667125311859549,-0.9278322410227644,-0.8746276793241994,-0.8074279126324992,-0.7274402977626617,-0.6363459871753768,-0.5345558856800656,-0.42505176567681857,-0.30841664648957906,-0.1868968910984726,-0.06291985595838111,0.06290016424097432,0.1868774797181375,0.30839782190234594,0.4250339378474448,0.5345393335064945,0.6363307972659746,0.7274265067036637,0.8074157326256759,0.8746186274302353,0.9278264851410768,0.96670784995392,0.9901236268026556,0.998025573136193
0.9921174970748672,0.9842697444018669,0.9609849397201967,0.9223318551255933,0.8694439482604742,0.8026302662432423,0.7231230248572467,0.6325642663400146,0.5313741283646966,0.42251967620600644,0.30656979394903394,0.18577156129747105,0.06252851499762703,-0.06254810074709244,-0.18579083676700417,-0.3065884542089535,-0.42253743624193496,-0.5313907106677073,-0.6325793813934432,-0.7231364329176269,-0.802641756165913,-0.8694534578599413,-0.9223392173378322,-0.9609897816083189,-0.984271853621408,-0.9921169206850311,-0.984271853660615,-0.9609897816859321,-0.9223392174528565,-0.8694534580102942,-0.802641756349335,-0.7231364331311754,-0.6325793816336233,-0.5313907109308962,-0.42253743652383735,-0.3065884545051788,-0.18579083707283564,-0.06254810105769387,0.06252851468713251,0.18577156099197464,0.30656979365339276,0.42251967592487244,0.5313741281024139,0.6325642661008628,0.7231230246448108,0.8026302660609442,0.869443948111137,0.9223318550114107,0.9609849396431992,0.984269744362998,0.9921174970748701
0.9822803705847605,0.9745106526989028,0.9514564945481155,0.9131866097032089,0.8608232503674333,0.794671787037729,0.7159531360832729,0.6262922240459134,0.5261053773949709,0.4183303287965073,0.30352999600322383,0.18392959409407328,0.061908548130278185,-0.06192794001760263,-0.1839486778312594,-0.3035484696751477,-0.41834791388383324,-0.5261217991322389,-0.6263071896948034,-0.7159664021866093,-0.7946831445382462,-0.8608326809975904,-0.9131939480505864,-0.9514612940734051,-0.9745126258675907,-0.9822795639908171,-0.9745126259064819,-0.9514612941503915,-0.9131939481646779,-0.8608326811467032,-0.794683144720124,-0.7159664023983192,-0.6263071899328684,-0.5261217993930497,-0.4183479141631253,-0.3035484699685706,-0.18394867813414387,-0.06192794032515153,0.061908547822895905,0.1839295937916949,0.3035299957106551,0.41833032851835283,0.5261053771355205,0.6262922238093879,0.7159531358732087,0.7946717868575035,0.860823250219824,0.9131866095903681,0.9514564944720343,0.9745106526604993,0.9822803705847605
0.9685868382895763,0.9609178651142053,0.9381928966540943,0.9004584426109905,0.848819981732409,0.7835994972324429,0.7059695854581465,0.6175609583097227,0.5187720534716733,0.4124966955395606,0.2993010550274031,0.18136515453095908,0.06104478951760008,-0.06106389961549297,-0.18138399304097588,-0.2993193245469151,-0.4125139963820294,-0.5187881149783474,-0.6175756994634048,-0.7059829737862203,-0.7836113268022661,-0.8488287587151216,-0.9004640040664654,-0.9381974368467925,-0.9609237349368552,-0.9685940836397393,-0.9609237349752682,-0.9381974369228399,-0.9004640041791668,-0.8488287588623963,-0.7836113269818684,-0.7059829739952465,-0.6175756996984144,-0.5187881152357527,-0.41251399665760796,-0.2993193248363799,-0.18138399333972385,-0.06106389991878581,0.06104478921454004,0.18136515423289193,0.2993010547390443,0.4124966952654693,0.5187720532160682,0.6175609580767462,0.7059695852512653,0.7835994970549738,0.8488199815870966,0.900458442499929,0.9381928965792191,0.960917865076412,0.9685868382895765
0.9510565162951525,0.943548035395468,0.9212120041912333,0.8841549773303072,0.8334656601044691,0.7694003996297905,0.6932002685296441,0.6063849677641469,0.5093803568562819,0.4050363523311121,0.2938770668406729,0.17808368048000897,0.05994200914015944,-0.05996080619699459,-0.1781021183950743,-0.29389485272383514,-0.4050534520979709,-0.5093965039547937,-0.6063994875878271,-0.6932125342800249,-0.7694102084988527,-0.8334757746958934,-0.8841652371762583,-0.9212170136622236,-0.9435425531137487,-0.9510405874618756,-0.9435425531515269,-0.9212170137370195,-0.8841652372871117,-0.8334757748407353,-0.7694102086754486,-0.6932125344855327,-0.6063994878188425,-0.5093965042077694,-0.4050534523687442,-0.29389485300818274,-0.17810211868850467,-0.059960806494828524,0.05994200884262229,0.17808368018742754,0.29387706655767254,0.40503635206216154,0.5093803566055284,0.6063849675356344,0.6932002683267497,0.7694003994557699,0.8334656599620129,0.8841549772214514,0.9212120041178519,0.9435480353584287,0.9510565162951524
0.9297706112311845,0.9224091893769432,0.9005947035976674,0.8643724069763989,0.814803508334185,0.7521964908616653,0.6776778536005325,0.5928121446655826,0.49798217972458075,0.3959658974708141,0.2873064618009464,0.17409693572289942,0.05859843323126815,-0.05861677781726905,-0.17411501868268536,-0.28732399764165056,-0.39598250609761426,-0.49799760131751003,-0.592826295519338,-0.6776906966103831,-0.7522078283417382,-0.8148119485035098,-0.8643777934199349,-0.9005990673416154,-0.9224147118034469,-0.92977733639979,-0.9224147118404423,-0.9005990674148603,-0.8643777935284768,-0.8148119486453178,-0.7522078285146238,-0.6776906968115405,-0.5928262957454273,-0.4979976015650423,-0.39598250636250665,-0.2873239979197691,-0.17411501896962117,-0.05861677810846102,0.05859843294042198,0.1740969354369586,0.28730646152441597,0.39596589720806674,0.4979821794796543,0.5928121444424217,0.6776778534024211,0.7521964906917614,0.8148035081951263,0.8643724068701597,0.9005947035260571,0.9224091893408007,0.9297706112311852
0.9048392504622228,0.8976816557120104,0.8764454834162796,0.8411928323038149,0.7929574147249289,0.7320217027342716,0.6595085936631012,0.5769165109096474,0.48462827734818925,0.38534985384024,0.27960040446535844,0.16942891373423444,0.057027755155128396,-0.057045617577133875,-0.16944649411887816,-0.27961742471703904,-0.3853660503487214,-0.48464339702558024,-0.5769302958008403,-0.659520831206113,-0.7320322003653758,-0.7929660724278476,-0.841199497716302,-0.8764498937095159,-0.8976836945173226,-0.9048389606975503,-0.8976836945533835,-0.8764498937809062,-0.8411994978220902,-0.792966072566051,-0.7320322005338517,-0.6595208314021167,-0.5769302960210988,-0.4846433972666866,-0.38536605060669155,-0.27961742498782904,-0.16944649439819773,-0.057045617860540535,0.05702775487211488,0.16942891345604952,0.2796004041963861,0.3853498535847123,0.48462827711003376,0.576916510692694,0.6595085934705283,0.732021702569139,0.7929574145897937,0.8411928322005862,0.8764454833467028,0.8976816556768957,0.9048392504622232
0.876290797472042,0.8693596684946897,0.8487928585022432,0.814652296377529,0.7679391750198015,0.7089252965126547,0.6387007660102239,0.5587143352272618,0.4693377664937313,0.3731918941252899,0.2707785672305262,0.16408331670774182,0.05522854122965419,-0.05524584104181406,-0.16410034066344298,-0.27079504598274806,-0.3732075829131395,-0.4693524201911844,-0.55872768652961,-0.6387125915778658,-0.7089354098397069,-0.7679476035448529,-0.8146588925314819,-0.8487971458537394,-0.8693613124650355,-0.8762898396290252,-0.8693613125000105,-0.8487971459229738,-0.8146588926340748,-0.7679476036788784,-0.7089354100030834,-0.6387125917679114,-0.5587276867431387,-0.4693524204248865,-0.3732075831631469,-0.2707950462451285,-0.16410034093402498,-0.055245841316297395,0.05522854095560444,0.16408331643842075,0.27077856697018154,0.3731918938779979,0.46933776626328283,0.5587143350173602,0.6387007658239421,0.7089252963529415,0.7679391748891072,0.8146522962776961,0.8487928584349621,0.8693596684607368,0.8762907974720425
0.8443360751698528,0.8376507676407259,0.8178410857778379,0.784947253740133,0.7399329219954921,0.6830790832076,0.6154074421945518,0.5383399497129442,0.45222375008140864,0.3595814023556622,0.26090661523564446,0.15809954406548704,0.05321392515978278,-0.05323058363345202,-0.15811596627555313,-0.26092254193498177,-0.3595964832506054,-0.4522377492375925,-0.5383527996262475,-0.6154191176773702,-0.6830894047475895,-0.7399405652161966,-0.7849520766059581,-0.8178450406610416,-0.8376559434470818,-0.8443425119084531,-0.8376559434808326,-0.8178450407278419,-0.7849520767049344,-0.7399405653454969,-0.6830894049052075,-0.6154191178606916,-0.5383527998321932,-0.4522377494629645,-0.35959648349166506,-0.26092254218793015,-0.1581159665363386,-0.053230583897940956,0.053213924895759185,0.1580995438060682,0.26090661498492573,0.3595814021175583,0.4522237498595467,0.5383399495108885,0.6154074420152654,0.6830790830539064,0.7399329218697218,0.7849472536440607,0.8178410857130963,0.8376507676080596,0.8443360751698534
0.8090169943749472,0.8026298990280104,0.7836297360286453,0.7521071461741814,0.7089882375011268,0.6544910718909891,0.5896713687740954,0.5158218630006144,0.43330481231799756,0.3445445005220216,0.24998676446382545,0.15148702675443104,0.05098971852924601,-0.051005708260870225,-0.15150271098180929,-0.2500018940397273,-0.3445590464525175,-0.4333185478603816,-0.5158342143003429,-0.5896818026445521,-0.6544994158133688,-0.7089968414864872,-0.7521158737204319,-0.7836339973391939,-0.8026252355206334,-0.8090034445000415,-0.8026252355530205,-0.7836339974032809,-0.7521158738153797,-0.7089968416105256,-0.6544994159645664,-0.5896818028203968,-0.5158342144978634,-0.43331854807650905,-0.3445590466836603,-0.25000189428221925,-0.15150271123175774,-0.05100570851430829,0.05098971827629931,0.15148702650593757,0.24998676422372837,0.34454450029403777,0.43330481210559035,0.5158218628071919,0.5896713686024943,0.6544910717439072,0.7089882373807571,0.7521071460822306,0.7836297359666848,0.8026298989967513,0.8090169943749479
0.7705032238060994,0.7644029136531946,0.7463250727635752,0.7163075350653492,0.6752297446222875,0.6233470155275375,0.5615933703139625,0.491264908739605,0.41267906028144835,0.32813795591021144,0.23809154313915032,0.14427457034706861,0.04856067898522856,-0.04857588136875308,-0.14428955541518257,-0.23810607429844563,-0.3281517201327019,-0.4126918422493571,-0.49127663583573844,-0.5616040085399103,-0.6233564010572349,-0.675236747185861,-0.7163120250386622,-0.7463286920212798,-0.7644074286727915,-0.7705086711005791,-0.7644074287036697,-0.7463286920823867,-0.7163120251291942,-0.6752367473041233,-0.6233564012013892,-0.5616040087075512,-0.4912766360240341,-0.41269184245536744,-0.32815172035298795,-0.23810607452951243,-0.1442895556533026,-0.04857588161014812,0.04856067874436071,0.1442745701104914,0.23809154291059081,0.32813795569322624,0.41267906007932004,0.4912649085555652,0.5615933701506987,0.6233470153876073,0.6752297445077751,0.7163075349778688,0.7463250727046193,0.7644029136234493,0.7705032238061005
0.7289890336285682,0.7232222320452922,0.7061134366410149,0.6777119941213053,0.6388506845771951,0.5897577546667923,0.5313368662548716,0.4647961477779751,0.3904436339412682,0.3104593028904112,0.22526177930212604,0.13650138361408787,0.04594472130232369,-0.0459591118985663,-0.1365155480233033,-0.22527549348472842,-0.3104723504443328,-0.39045581097366244,-0.4648072531457489,-0.53134673538457,-0.5897662324250892,-0.6388576429072771,-0.6777173102769917,-0.7061169836290935,-0.7232240008638768,-0.7289890588532433,-0.7232240008931201,-0.7061169836869695,-0.6777173103627392,-0.6388576430192818,-0.589766232561603,-0.5313467355433286,-0.46480725332406037,-0.3904558111687329,-0.31047235065289036,-0.22527549370344785,-0.136515548248663,-0.04595911212697739,0.0459447210744677,0.13650138339033463,0.22526177908598638,0.31045930268524996,0.3904436337501876,0.46479614760401394,0.5313368661005521,0.5897577545345298,0.6388506844689601,0.677711994038618,0.706113436585283,0.7232222320171706,0.72898903362857
0.6845237756257636,0.6791097027533445,0.6630434635787849,0.6363741402663754,0.599883862674661,0.5537842585922004,0.49892791487044086,0.4364455944851263,0.366628104939779,0.29152283667641943,0.21152144567219913,0.12817542104642943,0.04314237991361518,-0.043155894224469,-0.12818871879724208,-0.21153431644961854,-0.29153509343691975,-0.3666395561914138,-0.4364560245224535,-0.4989371423334663,-0.553792137782907,-0.5998904640518462,-0.6363793485493601,-0.6630468190806021,-0.6791108566020453,-0.684522760294026,-0.6791108566295285,-0.6630468191350007,-0.6363793486299567,-0.5998904641571152,-0.5537921379112026,-0.4989371424826726,-0.4364560246900353,-0.3666395563747306,-0.2915350936328823,-0.21153431665509256,-0.12818871900892015,-0.043155894438969916,0.043142379699686595,0.12817542083639474,0.2115214454693421,0.2915228364838968,0.3666281047604999,0.43644559432192553,0.49892791472566506,0.553784258468108,0.5998838625731157,0.6363741401887978,0.6630434635264899,0.679109702726951,0.6845237756257637
0.6374358141771491,0.6323885767746095,0.6174332911919386,0.5925999586243427,0.558616072438131,0.5156941292268704,0.4646049306934565,0.4064224760035231,0.34140863520524584,0.27146777615842277,0.1969728181014778,0.11935804868265919,0.0401741110441287,-0.040186687246098446,-0.11937044707242252,-0.19698484296432597,-0.27147916088276375,-0.34141920167600454,-0.4064321768374293,-0.4646137504534447,-0.5157019323928036,-0.558621833725127,-0.5926035708047741,-0.6174362736340799,-0.6323925519206567,-0.6374408122313724,-0.6323925519462685,-0.6174362736847802,-0.5926035708798939,-0.5586218338232377,-0.5157019325123697,-0.4646137505924986,-0.4064321769936093,-0.3414192018468378,-0.27147916106535697,-0.1969848431557556,-0.11937044726959868,-0.040186687445866114,0.04017411084494062,0.11935804848713756,0.19697281791266624,0.2714677759792563,0.3414086350384272,0.4064224758516808,0.46460493055875607,0.5156941291113982,0.5586160723436427,0.5925999585521572,0.6174332911432714,0.6323885767500402,0.6374358141771497
0.5877852522924725,0.5831447558924696,0.5693403294343449,0.5464378273121451,0.5151101063999437,0.4755155979283905,0.4284213269612302,0.37476652034458635,0.3148143737381013,0.25032623241935,0.18162601582121563,0.1100617673780255,0.03704619900245632,-0.03705781622250757,-0.11007316263624818,-0.1816370081015442,-0.25033680065645864,-0.3148243531937861,-0.3747754940891211,-0.4284289076118498,-0.4755216601428374,-0.5151163575611986,-0.5464441682456324,-0.569343425457653,-0.5831413676560109,-0.5877754077321091,-0.5831413676796428,-0.5693434255044374,-0.546444168314957,-0.5151163576517397,-0.47552166025316955,-0.4284289077401704,-0.3747754942332422,-0.3148243533514212,-0.25033680082492954,-0.1816370082781383,-0.11007316281812521,-0.03705781640673858,0.0370461988188043,0.11006176719779014,0.18162601564720027,0.2503262322542369,0.314814373584387,0.3747665202046858,0.42842132683711975,0.47551559782198416,0.515110106312872,0.5464378272456254,0.5693403293894903,0.5831447558698171,0.5877852522924737
0.535813612423244,0.5315715548329031,0.5189999438550104,0.49812549081427043,0.46955978890478195,0.4334799911998732,0.390536215090283,0.3416292407025797,0.2869800391141223,0.22818958495375694,0.1655705653537382,0.10032960480572566,0.03376946713801285,-0.03378003920380406,-0.1003400251392734,-0.16558066942050786,-0.22819915743395344,-0.286988930268964,-0.3416373961112473,-0.39054360718867165,-0.43348650605815175,-0.46956466840288014,-0.4981286448074718,-0.5190024643482928,-0.5315746204840056,-0.5358172486244654,-0.5315746205055648,-0.519002464390969,-0.49812864487070363,-0.46956466848546885,-0.43348650615880513,-0.39054360730572574,-0.3416373962427091,-0.2869889304127475,-0.22819915758761208,-0.16558066958156697,-0.10034002530511171,-0.033780039371760516,0.033769466970610826,0.10032960464147081,0.16557056519518537,0.22818958480334442,0.2869800389740977,0.34162924057513405,0.39053621497722696,0.43347999110294483,0.46955978882545174,0.4981254907536554,0.5189999438141388,0.5315715548122666,0.5358136124232447
0.481780291018093,0.47796877732047716,0.46666208690587974,0.4478919840573067,0.4222087982888767,0.389764208488958,0.35115418433630047,0.3071782992769026,0.25803964726367584,0.20517883227673508,0.14887296168987044,0.09021214700485039,0.030364298012809522,-0.03037380813141867,-0.0902215089275491,-0.1488820273636543,-0.20518745369063585,-0.2580476896783347,-0.3071856380505127,-0.35116071899352097,-0.38976983651238173,-0.4222133761162783,-0.4478954305738283,-0.46666442338489145,-0.47797010300804255,-0.481780628762947,-0.47797010302744286,-0.4666644234232855,-0.44789543063071235,-0.4222133761905835,-0.3897698366029492,-0.3511607190988392,-0.3071856381687838,-0.2580476898076879,-0.20518745382887174,-0.1488820275085361,-0.0902215090767029,-0.03037380828245221,0.030364297862296774,0.0902121468571936,0.14887296154737523,0.20517883214157612,0.25803964713785243,0.3071782991623779,0.35115418423471073,0.3897642084018633,0.4222087982175765,0.4478919840028181,0.4666620868691438,0.47796877730193366,0.48178029101809383
0.42575079726364634,0.4223837476710403,0.41239075474491294,0.395803249426802,0.37310773821454896,0.3444349589992295,0.3103165231882642,0.27145451805983456,0.22803033002638992,0.18131749281485343,0.13155913125508328,0.07972082212255578,0.026833141861063708,-0.026841547795657412,-0.07972909199195224,-0.1315671341763378,-0.18132511777091784,-0.22803745790394364,-0.27146100586743854,-0.3103222492983062,-0.34443983278349083,-0.3731118662550651,-0.3958065600157988,-0.41239284993717096,-0.4223842984513537,-0.4257498238309254,-0.42238429846850567,-0.41239284997111253,-0.39580656006608744,-0.37311186632076354,-0.34443983286357754,-0.3103222493914293,-0.2714610059720056,-0.2280374580183058,-0.18132511789313288,-0.13156713430442132,-0.07972909212379406,-0.02684154792914113,0.026833141728061075,0.07972082199210094,0.13155913112921788,0.1813174926954829,0.2280303299152657,0.2714545179586851,0.31031652309853996,0.34443495892231035,0.3731077381515652,0.3958032493786601,0.41239075471245695,0.42238374765466147,0.4257507972636466
0.36813889441631636,0.3652237859035387,0.3565868241535891,0.3422448506718984,0.32261798960373045,0.29782944082540874,0.26832365148349835,0.23472153863130485,0.19717406438165283,0.1567809926038177,0.11375794914140036,0.06893295587849445,0.023201775030058543,-0.02320903791401144,-0.06894011680715295,-0.11376489509040752,-0.15678756674144848,-0.19718016384723872,-0.23472714080061213,-0.2683287521810944,-0.2978339617890263,-0.3226213050021036,-0.34224689858156293,-0.35658854221247804,-0.36522617127430335,-0.3681419645417826,-0.36522617128913853,-0.3565885422418366,-0.3422468986250638,-0.3226213050589384,-0.297833961858314,-0.26832875226165676,-0.23472714089107094,-0.19718016394616683,-0.15678756684716622,-0.11376489520119827,-0.06894011692118199,-0.023209038029446946,0.023201774915058197,0.06893295576571772,0.11375794903260875,0.15678099250065375,0.1971740642856202,0.23472153854388772,0.2683236514059507,0.29782944075892614,0.32261798954928805,0.34224485063027893,0.35658682412553083,0.3652237858893829,0.36813889441631675
0.309016994374948,0.306577341041773,0.2993199245677755,0.2872793666567576,0.2708094091014054,0.24999334412881208,0.22523442067879385,0.19702641952567418,0.1655077108162977,0.13160428856229184,0.09548644728735521,0.05786289536539378,0.019476339401337056,-0.01948244693533905,-0.05786888620716502,-0.09549222627112638,-0.13160984461336517,-0.1655129573266566,-0.19703113730237448,-0.22523840606266693,-0.2499965312235417,-0.2708126955313448,-0.2872827002827524,-0.29932155224354207,-0.30657555974045025,-0.3090118187832773,-0.3065755597529065,-0.2993215522681933,-0.2872827003192803,-0.2708126955790702,-0.24999653128172433,-0.2252384061303215,-0.19703113737833722,-0.16551295740972838,-0.1316098447021354,-0.09549222636414648,-0.0578688863029031,-0.01948244703224787,0.01947633930480768,0.05786289527074371,0.0954864471960657,0.13160428847573602,0.16550771073573137,0.19702641945232952,0.22523442061372145,0.2499933440730226,0.27080940905571566,0.28727936662182635,0.29931992454422984,0.30657734102989775,0.30901699437494845
0.2486748314234445,0.24670626854878813,0.24087148435675337,0.2311834528780558,0.21792604943403898,0.2011809251011021,0.18125065410803892,0.1585525223150111,0.13318941221109606,0.1059044275319602,0.0768423870337494,0.04656367850868737,0.01567266456168127,-0.015677571442253402,-0.04656851409280148,-0.07684707495153996,-0.10590887124882103,-0.13319354222469681,-0.15855630772798468,-0.18125407648876493,-0.2011839315682465,-0.21792832822741018,-0.2311849621563465,-0.24087265936220598,-0.24670758474413296,-0.24867630059469242,-0.24670758475415494,-0.24087265938204777,-0.23118496218575305,-0.21792832826582798,-0.20118393161507692,-0.1812540765432244,-0.15855630778913823,-0.13319354229156943,-0.10590887132027083,-0.0768470750264095,-0.046568514169860055,-0.015677571520249862,0.01567266448400447,0.046563678432535324,0.07684238696030352,0.10590442746232907,0.13318941214629104,0.15855252225601799,0.18125065405568977,0.2011809250562044,0.21792604939727833,0.23118345284995848,0.24087148433780933,0.24670626853922628,0.248674831423444
0.18741153676209682,0.1859284084672709,0.1815306006785109,0.17422918594692827,0.164238173122524,0.1516178259375207,0.136598084220087,0.11949169860582673,0.10037694204426224,0.07981402799509801,0.057911421328714484,0.0350923169019278,0.011811605673348477,-0.01181530439764106,-0.03509595992788029,-0.05791495108236495,-0.07981737934491356,-0.10038006259359887,-0.11949455241497138,-0.13660064474704453,-0.15162005331593803,-0.16423992233763507,-0.17423042545527329,-0.1815314979376458,-0.18592916125630554,-0.18741215396631128,-0.18592916126385473,-0.18153149795260132,-0.17423042547744544,-0.1642399223665973,-0.1516200533512327,-0.13660064478809758,-0.1194945524610772,-0.10038006264401192,-0.079817379398768,-0.05791495113879443,-0.035095959985967914,-0.011815304456431974,0.01181160561481179,0.03509231684454769,0.05791142127337229,0.0798140279426333,0.10037694199544162,0.11949169856138782,0.13659808418064406,0.15161782590367673,0.16423817309482322,0.17422918592576445,0.1815306006642366,0.185928408460057,0.1874115367620965
0.1253023644851317,0.12431192844610842,0.12137036554131558,0.11648837881001006,0.10980922874365563,0.10136996580015022,0.09132918811430703,0.07989158207225802,0.06711135762955724,0.05336352944358429,0.03871889244457816,0.02346259368182512,0.007897288925698385,-0.007899763652588765,-0.023465026157369707,-0.038721244127969,-0.05336577621136751,-0.06711346440669215,-0.07989349257831374,-0.09133085235981564,-0.10137135709802148,-0.10981047936617046,-0.11648946764154,-0.12137099533202667,-0.12431182224383655,-0.12530152823780852,-0.12431182224888164,-0.1213709953420267,-0.11648946765636915,-0.1098104793855379,-0.1013713571216172,-0.09133085238726725,-0.07989349260914849,-0.06711346444040536,-0.053365776247376706,-0.03872124416569748,-0.023465026196212584,-0.007899763691900673,0.007897288886562605,0.023462593643465545,0.03871889240757999,0.053363529408511676,0.06711135759692549,0.0798915820425564,0.09132918808793893,0.10136996577751614,0.10980922872513556,0.11648837879586649,0.121370365531774,0.12431192844128154,0.12530236448513174
0.06280597469551277,0.06230834620451291,0.06083515428062822,0.05838843217565165,0.05503981013531514,0.050811131656403136,0.045776983745730845,0.04004442165695569,0.033638722344149594,0.026747393136002433,0.01940765952133868,0.011760225068915272,0.0039582876198050185,-0.003959526244073234,-0.011761447574886147,-0.019408846638608236,-0.0267485131644926,-0.03363975774634001,-0.04004537678228573,-0.04577786608912143,-0.05081192787430909,-0.05504035511080993,-0.05838871535092094,-0.060835439780714776,-0.062308908303294636,-0.06280681636695555,-0.06230890830582378,-0.060835439785728154,-0.058388715358354895,-0.05504035512051822,-0.05081192788613682,-0.04577786610288277,-0.04004537679774433,-0.03363975776324141,-0.02674851318254355,-0.019408846657520414,-0.011761447594356305,-0.003959526263778739,0.00395828760018831,0.01176022504968895,0.019407659502795344,0.026747393118425944,0.033638722327797604,0.040044421642071705,0.0457769837325154,0.05081113164505646,0.055039810126032235,0.05838843216856378,0.06083515427584715,0.0623083462020943,0.06280597469551277
2.7755575615628914e-17,5.551115123125783e-17,5.551115123125783e-17,-5.551115123125783e-17,2.7755575615628914e-17,1.3877787807814457e-16,0.,0.,1.3877787807814457e-17,4.163336342344337e-17,7.632783294297951e-17,5.898059818321144e-17,7.632783294297951e-17,6.765421556309548e-17,8.326672684688674e-17,9.020562075079397e-17,8.326672684688674e-17,1.249000902703301e-16,1.249000902703301e-16,1.3877787807814457e-16,1.6653345369377348e-16,-1.3877787807814457e-16,-1.6653345369377348e-16,2.7755575615628914e-17,-5.551115123125783e-17,-2.220446049250313e-16,1.3877787807814457e-16,2.220446049250313e-16,0.,0.,-5.551115123125783e-17,-4.163336342344337e-17,-8.326672684688674e-17,-4.163336342344337e-17,-8.326672684688674e-17,-1.5265566588595902e-16,-6.591949208711867e-17,-7.806255641895632e-17,-3.2959746043559335e-17,-3.122502256758253e-17,-1.3877787807814457e-17,-5.551115123125783e-17,-8.326672684688674e-17,-1.3877787807814457e-17,0.,5.551115123125783e-17,8.326672684688674e-17,1.6653345369377348e-16,-5.551115123125783e-17,-5.551115123125783e-17,-1.1102230246251565e-16
